yt_reel_id,cartoon
5TEkZxl7JLg,Губка Боб
h-Sz2xkAD_Q,Губка Боб
acgtt7nrcGc,Акуленок
jEZMSHrucJI,none
NSn48ji5qIw,Фиксики
hNhKHTuc-B4,Приключения Пети и Волка
KgD-jTdYeSU,Акуленок
oIoAiOC8axY,Акуленок
FYIdGInu3CI,Фиксики
dHeWcNlvUEw,Фиксики
4USt8uUVmJ4,none
t5oPOL45HIs,Акуленок
b5uS4BlyOpQ,Акуленок
RCa1nQXEiFc,Акуленок
UhbNKny-2Vg,Акуленок
GeXU-ASa_Kc,Губка Боб
9sZkPlysCDI,Губка Боб
s4mZwNiVf7I,Губка Боб
wZBVDJzP3EU,Акуленок
KvOOk70EJ_k,none
nZLZYfbQo8k,Губка Боб
ST-whFCm040,Губка Боб
x1WPEs4MXqA,Губка Боб
wci3UvVgJyk,Акуленок
7dS5cROvoAs,Губка Боб
ryMp5PPGB_o,Акуленок
